Modelo,Acurácia,Precisão,Recall,F1-Score,AUC-ROC
Naive Bayes,0.6998583723717181,0.3008959094659908,0.7273115828465594,0.4256827183656452,0.7718349541477243
